Workbook
Name StartDate: KPI_Controls!$B$3
Name EndDate: KPI_Controls!$B$4
Name RouteFilter: KPI_Controls!$B$5

Sheet README
A1: E-TRAM Overview KPI Calculator — Excel template
A3: Requires Microsoft Excel 365 (UNIQUE, FILTER, XLOOKUP, TEXTAFTER).
A5: How to use
A6: 1. Open KPI_Controls — set StartDate, EndDate, and optional RouteFilter.
A7: 2. Paste Veh_Type into Veh (keep headers). VehClean / formulas auto-fill in the table.
A8: 3. Paste Route_Description into Routes. RDK formula auto-fills.
A9: 4. Paste Bus Ticket Data into Tickets starting at row 2 under the existing headers.
A10: Helper columns TP…RouteLen are already formula columns — do not overwrite them.
A11: 5. TripSummary!A2 spills unique trip keys for the selected period.
A12: Columns B–L are pre-filled for up to 2500 trips.
A13: 6. Daily and RouteDay spill from TripSummary; KPI sheet shows Overview totals.
A15: Sheet map
... A36: Pass. Origin | Pass. Destination | Stage Km | Revenue | Gender

Sheet KPI_Controls
A1: Overview period filters
A3: StartDate | B3: 2025-04-01 | C3: Inclusive start (date)
A4: EndDate | B4: 2025-04-30 | C4: Inclusive end (date)
A5: RouteFilter | C5: Leave blank for all routes, or enter one Route No. (e.g. 1)
A7: Named ranges StartDate / EndDate / RouteFilter point at B3:B5.
A9: After pasting tickets, confirm KPI!B5 (ridership) updates.

Sheet Veh
A1: Vehicle no./ Schedule No. | B1: Veh. Type | C1: Veh. Capacity | D1: VehClean | E1: Capacity
A2: GJ04XX0001 | B2: Standard | C2: 40 | D2: =SUBSTITUTE([@[Vehicle no./ Schedule No.]]," ","") | E2: =[@[Veh. Capacity]]
D3: =SUBSTITUTE([@[Vehicle no./ Schedule No.]]," ","") | E3: =[@[Veh. Capacity]]
D4: =SUBSTITUTE([@[Vehicle no./ Schedule No.]]," ","") | E4: =[@[Veh. Capacity]]
D5: =SUBSTITUTE([@[Vehicle no./ Schedule No.]]," ","") | E5: =[@[Veh. Capacity]]
A7: Replace sample row; paste Veh_Type under headers. Keep VehClean and Capacity formula columns.

Sheet Routes
A1: Route_Code | B1: Route | C1: Route_description | D1: Route Length | E1: Route Category | F1: RDK
A2: 1 | B2: Sample route | C2: A to B | D2: 12.5 | E2: City | F2: =[@Route_Code]&"-"&[@Route_description]
F3: =[@Route_Code]&"-"&[@Route_description]
F4: =[@Route_Code]&"-"&[@Route_description]
F5: =[@Route_Code]&"-"&[@Route_description]
A7: Paste Route_Description. RDK must match Tickets RDK exactly (code + description).

Sheet Tickets
A1: Date | B1: Ticket No. | C1: Route No. | D1: Route description | E1: Depot | F1: Vehicle/ Schedule no. | G1: Driver ID | H1: Conductor ID | I1: Trip No. | J1: Trip Start Time | K1: Trip End Time | L1: Ticket Issue Time | M1: No. of pass. | N1: No. of child Pass. | O1: Pass. Category | P1: Origin Stop No. | Q1: Destination Stop No. | R1: Pass. Origin | S1: Pass. Destination | T1: Stage Km | U1: Revenue | V1: Gender | W1: TP | X1: PK | Y1: VehClean | Z1: BTK | AA1: RDK | AB1: TripKey | AC1: InPeriod | AD1: Capacity | AE1: RouteLen
A2: 2025-04-01 | B2: T001 | C2: 1 | D2: A to B | E2: Depot1 | F2: GJ04XX0001 | G2: D1 | H2: C1 | I2: 1 | J2: 08:00 | K2: 09:00 | L2: 08:15 | M2: 1 | N2: 0 | O2: Cash | P2: 1 | Q2: 5 | R2: STOPA | S2: STOPB | T2: 5 | U2: 10 | V2: M | W2: =[@[No. of pass.]]+[@[No. of child Pass.]] | X2: =[@TP]*[@[Stage Km]] | Y2: =SUBSTITUTE([@[Vehicle/ Schedule no.]]," ","") | Z2: =[@VehClean]&"-"&[@[Trip No.]] | AA2: =[@[Route No.]]&"-"&[@[Route description]] | AB2: =TEXT([@Date],"yyyy-mm-dd")&"|"&[@[Route No.]]&"|"&[@BTK] | AC2: =AND([@Date]>=StartDate,[@Date]<=EndDate) | AD2: =IFERROR(XLOOKUP([@VehClean],Veh[VehClean],Veh[Capacity]),0) | AE2: =IFERROR(XLOOKUP([@RDK],Routes[RDK],Routes[Route Length]),0)
W3: =[@[No. of pass.]]+[@[No. of child Pass.]] | X3: =[@TP]*[@[Stage Km]] | Y3: =SUBSTITUTE([@[Vehicle/ Schedule no.]]," ","") | Z3: =[@VehClean]&"-"&[@[Trip No.]] | AA3: =[@[Route No.]]&"-"&[@[Route description]] | AB3: =TEXT([@Date],"yyyy-mm-dd")&"|"&[@[Route No.]]&"|"&[@BTK] | AC3: =AND([@Date]>=StartDate,[@Date]<=EndDate) | AD3: =IFERROR(XLOOKUP([@VehClean],Veh[VehClean],Veh[Capacity]),0) | AE3: =IFERROR(XLOOKUP([@RDK],Routes[RDK],Routes[Route Length]),0)
W4: =[@[No. of pass.]]+[@[No. of child Pass.]] | X4: =[@TP]*[@[Stage Km]] | Y4: =SUBSTITUTE([@[Vehicle/ Schedule no.]]," ","") | Z4: =[@VehClean]&"-"&[@[Trip No.]] | AA4: =[@[Route No.]]&"-"&[@[Route description]] | AB4: =TEXT([@Date],"yyyy-mm-dd")&"|"&[@[Route No.]]&"|"&[@BTK] | AC4: =AND([@Date]>=StartDate,[@Date]<=EndDate) | AD4: =IFERROR(XLOOKUP([@VehClean],Veh[VehClean],Veh[Capacity]),0) | AE4: =IFERROR(XLOOKUP([@RDK],Routes[RDK],Routes[Route Length]),0)
W5: =[@[No. of pass.]]+[@[No. of child Pass.]] | X5: =[@TP]*[@[Stage Km]] | Y5: =SUBSTITUTE([@[Vehicle/ Schedule no.]]," ","") | Z5: =[@VehClean]&"-"&[@[Trip No.]] | AA5: =[@[Route No.]]&"-"&[@[Route description]] | AB5: =TEXT([@Date],"yyyy-mm-dd")&"|"&[@[Route No.]]&"|"&[@BTK] | AC5: =AND([@Date]>=StartDate,[@Date]<=EndDate) | AD5: =IFERROR(XLOOKUP([@VehClean],Veh[VehClean],Veh[Capacity]),0) | AE5: =IFERROR(XLOOKUP([@RDK],Routes[RDK],Routes[Route Length]),0)
A7: Paste real ETM rows under the headers. Delete the sample row after paste.
A8: Do not paste over columns TP onward — those are calculated.

Sheet TripSummary
A1: TripKey | B1: Date | C1: Route | D1: BTK | E1: Ridership | F1: Revenue | G1: PaxKm | H1: Vehicle | I1: RouteLen | J1: Capacity | K1: CapacityKm | L1: TripStart
A2: =IFERROR(UNIQUE(FILTER(Tickets[TripKey],(Tickets[Date]>=StartDate)*(Tickets[Date]<=EndDate)*(IF(RouteFilter="",TRUE,Tickets[Route No.]=RouteFilter)))),"") | B2: =IF(A2="","",IFERROR(DATEVALUE(TEXTBEFORE(A2,"|")),--LEFT(A2,10))) | C2: =IF(A2="","",TEXTBEFORE(TEXTAFTER(A2,"|"),"|")) | D2: =IF(A2="","",TEXTAFTER(A2,"|",2)) | E2: =IF(A2="","",SUMIF(Tickets[TripKey],A2,Tickets[TP])) | F2: =IF(A2="","",SUMIF(Tickets[TripKey],A2,Tickets[Revenue])) | G2: =IF(A2="","",SUMIF(Tickets[TripKey],A2,Tickets[PK])) | H2: =IF(A2="","",IFERROR(XLOOKUP(A2,Tickets[TripKey],Tickets[VehClean]),"")) | I2: =IF(A2="","",IFERROR(XLOOKUP(A2,Tickets[TripKey],Tickets[RouteLen]),0)) | J2: =IF(A2="","",IFERROR(XLOOKUP(A2,Tickets[TripKey],Tickets[Capacity]),0)) | K2: =IF(A2="","",I2*J2) | L2: =IF(A2="","",IFERROR(MINIFS(Tickets[Trip Start Time],Tickets[TripKey],A2),""))
B3: =IF(A3="","",IFERROR(DATEVALUE(TEXTBEFORE(A3,"|")),--LEFT(A3,10))) | C3: =IF(A3="","",TEXTBEFORE(TEXTAFTER(A3,"|"),"|")) | D3: =IF(A3="","",TEXTAFTER(A3,"|",2)) | E3: =IF(A3="","",SUMIF(Tickets[TripKey],A3,Tickets[TP])) | F3: =IF(A3="","",SUMIF(Tickets[TripKey],A3,Tickets[Revenue])) | G3: =IF(A3="","",SUMIF(Tickets[TripKey],A3,Tickets[PK])) | H3: =IF(A3="","",IFERROR(XLOOKUP(A3,Tickets[TripKey],Tickets[VehClean]),"")) | I3: =IF(A3="","",IFERROR(XLOOKUP(A3,Tickets[TripKey],Tickets[RouteLen]),0)) | J3: =IF(A3="","",IFERROR(XLOOKUP(A3,Tickets[TripKey],Tickets[Capacity]),0)) | K3: =IF(A3="","",I3*J3) | L3: =IF(A3="","",IFERROR(MINIFS(Tickets[Trip Start Time],Tickets[TripKey],A3),""))
B4: =IF(A4="","",IFERROR(DATEVALUE(TEXTBEFORE(A4,"|")),--LEFT(A4,10))) | C4: =IF(A4="","",TEXTBEFORE(TEXTAFTER(A4,"|"),"|")) | D4: =IF(A4="","",TEXTAFTER(A4,"|",2)) | E4: =IF(A4="","",SUMIF(Tickets[TripKey],A4,Tickets[TP])) | F4: =IF(A4="","",SUMIF(Tickets[TripKey],A4,Tickets[Revenue])) | G4: =IF(A4="","",SUMIF(Tickets[TripKey],A4,Tickets[PK])) | H4: =IF(A4="","",IFERROR(XLOOKUP(A4,Tickets[TripKey],Tickets[VehClean]),"")) | I4: =IF(A4="","",IFERROR(XLOOKUP(A4,Tickets[TripKey],Tickets[RouteLen]),0)) | J4: =IF(A4="","",IFERROR(XLOOKUP(A4,Tickets[TripKey],Tickets[Capacity]),0)) | K4: =IF(A4="","",I4*J4) | L4: =IF(A4="","",IFERROR(MINIFS(Tickets[Trip Start Time],Tickets[TripKey],A4),""))
B5: =IF(A5="","",IFERROR(DATEVALUE(TEXTBEFORE(A5,"|")),--LEFT(A5,10))) | C5: =IF(A5="","",TEXTBEFORE(TEXTAFTER(A5,"|"),"|")) | D5: =IF(A5="","",TEXTAFTER(A5,"|",2)) | E5: =IF(A5="","",SUMIF(Tickets[TripKey],A5,Tickets[TP])) | F5: =IF(A5="","",SUMIF(Tickets[TripKey],A5,Tickets[Revenue])) | G5: =IF(A5="","",SUMIF(Tickets[TripKey],A5,Tickets[PK])) | H5: =IF(A5="","",IFERROR(XLOOKUP(A5,Tickets[TripKey],Tickets[VehClean]),"")) | I5: =IF(A5="","",IFERROR(XLOOKUP(A5,Tickets[TripKey],Tickets[RouteLen]),0)) | J5: =IF(A5="","",IFERROR(XLOOKUP(A5,Tickets[TripKey],Tickets[Capacity]),0)) | K5: =IF(A5="","",I5*J5) | L5: =IF(A5="","",IFERROR(MINIFS(Tickets[Trip Start Time],Tickets[TripKey],A5),""))
B6: =IF(A6="","",IFERROR(DATEVALUE(TEXTBEFORE(A6,"|")),--LEFT(A6,10))) | C6: =IF(A6="","",TEXTBEFORE(TEXTAFTER(A6,"|"),"|")) | D6: =IF(A6="","",TEXTAFTER(A6,"|",2)) | E6: =IF(A6="","",SUMIF(Tickets[TripKey],A6,Tickets[TP])) | F6: =IF(A6="","",SUMIF(Tickets[TripKey],A6,Tickets[Revenue])) | G6: =IF(A6="","",SUMIF(Tickets[TripKey],A6,Tickets[PK])) | H6: =IF(A6="","",IFERROR(XLOOKUP(A6,Tickets[TripKey],Tickets[VehClean]),"")) | I6: =IF(A6="","",IFERROR(XLOOKUP(A6,Tickets[TripKey],Tickets[RouteLen]),0)) | J6: =IF(A6="","",IFERROR(XLOOKUP(A6,Tickets[TripKey],Tickets[Capacity]),0)) | K6: =IF(A6="","",I6*J6) | L6: =IF(A6="","",IFERROR(MINIFS(Tickets[Trip Start Time],Tickets[TripKey],A6),""))
B7: =IF(A7="","",IFERROR(DATEVALUE(TEXTBEFORE(A7,"|")),--LEFT(A7,10))) | C7: =IF(A7="","",TEXTBEFORE(TEXTAFTER(A7,"|"),"|")) | D7: =IF(A7="","",TEXTAFTER(A7,"|",2)) | E7: =IF(A7="","",SUMIF(Tickets[TripKey],A7,Tickets[TP])) | F7: =IF(A7="","",SUMIF(Tickets[TripKey],A7,Tickets[Revenue])) | G7: =IF(A7="","",SUMIF(Tickets[TripKey],A7,Tickets[PK])) | H7: =IF(A7="","",IFERROR(XLOOKUP(A7,Tickets[TripKey],Tickets[VehClean]),"")) | I7: =IF(A7="","",IFERROR(XLOOKUP(A7,Tickets[TripKey],Tickets[RouteLen]),0)) | J7: =IF(A7="","",IFERROR(XLOOKUP(A7,Tickets[TripKey],Tickets[Capacity]),0)) | K7: =IF(A7="","",I7*J7) | L7: =IF(A7="","",IFERROR(MINIFS(Tickets[Trip Start Time],Tickets[TripKey],A7),""))
B8: =IF(A8="","",IFERROR(DATEVALUE(TEXTBEFORE(A8,"|")),--LEFT(A8,10))) | C8: =IF(A8="","",TEXTBEFORE(TEXTAFTER(A8,"|"),"|")) | D8: =IF(A8="","",TEXTAFTER(A8,"|",2)) | E8: =IF(A8="","",SUMIF(Tickets[TripKey],A8,Tickets[TP])) | F8: =IF(A8="","",SUMIF(Tickets[TripKey],A8,Tickets[Revenue])) | G8: =IF(A8="","",SUMIF(Tickets[TripKey],A8,Tickets[PK])) | H8: =IF(A8="","",IFERROR(XLOOKUP(A8,Tickets[TripKey],Tickets[VehClean]),"")) | I8: =IF(A8="","",IFERROR(XLOOKUP(A8,Tickets[TripKey],Tickets[RouteLen]),0)) | J8: =IF(A8="","",IFERROR(XLOOKUP(A8,Tickets[TripKey],Tickets[Capacity]),0)) | K8: =IF(A8="","",I8*J8) | L8: =IF(A8="","",IFERROR(MINIFS(Tickets[Trip Start Time],Tickets[TripKey],A8),""))
B9: =IF(A9="","",IFERROR(DATEVALUE(TEXTBEFORE(A9,"|")),--LEFT(A9,10))) | C9: =IF(A9="","",TEXTBEFORE(TEXTAFTER(A9,"|"),"|")) | D9: =IF(A9="","",TEXTAFTER(A9,"|",2)) | E9: =IF(A9="","",SUMIF(Tickets[TripKey],A9,Tickets[TP])) | F9: =IF(A9="","",SUMIF(Tickets[TripKey],A9,Tickets[Revenue])) | G9: =IF(A9="","",SUMIF(Tickets[TripKey],A9,Tickets[PK])) | H9: =IF(A9="","",IFERROR(XLOOKUP(A9,Tickets[TripKey],Tickets[VehClean]),"")) | I9: =IF(A9="","",IFERROR(XLOOKUP(A9,Tickets[TripKey],Tickets[RouteLen]),0)) | J9: =IF(A9="","",IFERROR(XLOOKUP(A9,Tickets[TripKey],Tickets[Capacity]),0)) | K9: =IF(A9="","",I9*J9) | L9: =IF(A9="","",IFERROR(MINIFS(Tickets[Trip Start Time],Tickets[TripKey],A9),""))
B10: =IF(A10="","",IFERROR(DATEVALUE(TEXTBEFORE(A10,"|")),--LEFT(A10,10))) | C10: =IF(A10="","",TEXTBEFORE(TEXTAFTER(A10,"|"),"|")) | D10: =IF(A10="","",TEXTAFTER(A10,"|",2)) | E10: =IF(A10="","",SUMIF(Tickets[TripKey],A10,Tickets[TP])) | F10: =IF(A10="","",SUMIF(Tickets[TripKey],A10,Tickets[Revenue])) | G10: =IF(A10="","",SUMIF(Tickets[TripKey],A10,Tickets[PK])) | H10: =IF(A10="","",IFERROR(XLOOKUP(A10,Tickets[TripKey],Tickets[VehClean]),"")) | I10: =IF(A10="","",IFERROR(XLOOKUP(A10,Tickets[TripKey],Tickets[RouteLen]),0)) | J10: =IF(A10="","",IFERROR(XLOOKUP(A10,Tickets[TripKey],Tickets[Capacity]),0)) | K10: =IF(A10="","",I10*J10) | L10: =IF(A10="","",IFERROR(MINIFS(Tickets[Trip Start Time],Tickets[TripKey],A10),""))
B11: =IF(A11="","",IFERROR(DATEVALUE(TEXTBEFORE(A11,"|")),--LEFT(A11,10))) | C11: =IF(A11="","",TEXTBEFORE(TEXTAFTER(A11,"|"),"|")) | D11: =IF(A11="","",TEXTAFTER(A11,"|",2)) | E11: =IF(A11="","",SUMIF(Tickets[TripKey],A11,Tickets[TP])) | F11: =IF(A11="","",SUMIF(Tickets[TripKey],A11,Tickets[Revenue])) | G11: =IF(A11="","",SUMIF(Tickets[TripKey],A11,Tickets[PK])) | H11: =IF(A11="","",IFERROR(XLOOKUP(A11,Tickets[TripKey],Tickets[VehClean]),"")) | I11: =IF(A11="","",IFERROR(XLOOKUP(A11,Tickets[TripKey],Tickets[RouteLen]),0)) | J11: =IF(A11="","",IFERROR(XLOOKUP(A11,Tickets[TripKey],Tickets[Capacity]),0)) | K11: =IF(A11="","",I11*J11) | L11: =IF(A11="","",IFERROR(MINIFS(Tickets[Trip Start Time],Tickets[TripKey],A11),""))
B12: =IF(A12="","",IFERROR(DATEVALUE(TEXTBEFORE(A12,"|")),--LEFT(A12,10))) | C12: =IF(A12="","",TEXTBEFORE(TEXTAFTER(A12,"|"),"|")) | D12: =IF(A12="","",TEXTAFTER(A12,"|",2)) | E12: =IF(A12="","",SUMIF(Tickets[TripKey],A12,Tickets[TP])) | F12: =IF(A12="","",SUMIF(Tickets[TripKey],A12,Tickets[Revenue])) | G12: =IF(A12="","",SUMIF(Tickets[TripKey],A12,Tickets[PK])) | H12: =IF(A12="","",IFERROR(XLOOKUP(A12,Tickets[TripKey],Tickets[VehClean]),"")) | I12: =IF(A12="","",IFERROR(XLOOKUP(A12,Tickets[TripKey],Tickets[RouteLen]),0)) | J12: =IF(A12="","",IFERROR(XLOOKUP(A12,Tickets[TripKey],Tickets[Capacity]),0)) | K12: =IF(A12="","",I12*J12) | L12: =IF(A12="","",IFERROR(MINIFS(Tickets[Trip Start Time],Tickets[TripKey],A12),""))
B13: =IF(A13="","",IFERROR(DATEVALUE(TEXTBEFORE(A13,"|")),--LEFT(A13,10))) | C13: =IF(A13="","",TEXTBEFORE(TEXTAFTER(A13,"|"),"|")) | D13: =IF(A13="","",TEXTAFTER(A13,"|",2)) | E13: =IF(A13="","",SUMIF(Tickets[TripKey],A13,Tickets[TP])) | F13: =IF(A13="","",SUMIF(Tickets[TripKey],A13,Tickets[Revenue])) | G13: =IF(A13="","",SUMIF(Tickets[TripKey],A13,Tickets[PK])) | H13: =IF(A13="","",IFERROR(XLOOKUP(A13,Tickets[TripKey],Tickets[VehClean]),"")) | I13: =IF(A13="","",IFERROR(XLOOKUP(A13,Tickets[TripKey],Tickets[RouteLen]),0)) | J13: =IF(A13="","",IFERROR(XLOOKUP(A13,Tickets[TripKey],Tickets[Capacity]),0)) | K13: =IF(A13="","",I13*J13) | L13: =IF(A13="","",IFERROR(MINIFS(Tickets[Trip Start Time],Tickets[TripKey],A13),""))
B14: =IF(A14="","",IFERROR(DATEVALUE(TEXTBEFORE(A14,"|")),--LEFT(A14,10))) | C14: =IF(A14="","",TEXTBEFORE(TEXTAFTER(A14,"|"),"|")) | D14: =IF(A14="","",TEXTAFTER(A14,"|",2)) | E14: =IF(A14="","",SUMIF(Tickets[TripKey],A14,Tickets[TP])) | F14: =IF(A14="","",SUMIF(Tickets[TripKey],A14,Tickets[Revenue])) | G14: =IF(A14="","",SUMIF(Tickets[TripKey],A14,Tickets[PK])) | H14: =IF(A14="","",IFERROR(XLOOKUP(A14,Tickets[TripKey],Tickets[VehClean]),"")) | I14: =IF(A14="","",IFERROR(XLOOKUP(A14,Tickets[TripKey],Tickets[RouteLen]),0)) | J14: =IF(A14="","",IFERROR(XLOOKUP(A14,Tickets[TripKey],Tickets[Capacity]),0)) | K14: =IF(A14="","",I14*J14) | L14: =IF(A14="","",IFERROR(MINIFS(Tickets[Trip Start Time],Tickets[TripKey],A14),""))
... B2501: =IF(A2501="","",IFERROR(DATEVALUE(TEXTBEFORE(A2501,"|")),--LEFT(A2501,10))) | C2501: =IF(A2501="","",TEXTBEFORE(TEXTAFTER(A2501,"|"),"|")) | D2501: =IF(A2501="","",TEXTAFTER(A2501,"|",2)) | E2501: =IF(A2501="","",SUMIF(Tickets[TripKey],A2501,Tickets[TP])) | F2501: =IF(A2501="","",SUMIF(Tickets[TripKey],A2501,Tickets[Revenue])) | G2501: =IF(A2501="","",SUMIF(Tickets[TripKey],A2501,Tickets[PK])) | H2501: =IF(A2501="","",IFERROR(XLOOKUP(A2501,Tickets[TripKey],Tickets[VehClean]),"")) | I2501: =IF(A2501="","",IFERROR(XLOOKUP(A2501,Tickets[TripKey],Tickets[RouteLen]),0)) | J2501: =IF(A2501="","",IFERROR(XLOOKUP(A2501,Tickets[TripKey],Tickets[Capacity]),0)) | K2501: =IF(A2501="","",I2501*J2501) | L2501: =IF(A2501="","",IFERROR(MINIFS(Tickets[Trip Start Time],Tickets[TripKey],A2501),""))
A2503: Pre-filled measure formulas through row 2501. Extend if you have more trips.

Sheet Daily
A1: Date | B1: Ridership | C1: Revenue | D1: PaxKm | E1: CapacityKm | F1: Trips | G1: Buses | H1: LF | I1: ATL | J1: FareYield | K1: TripsPerBus | L1: EPKM | M1: EPB | N1: HeadwayMins
A2: =IFERROR(UNIQUE(FILTER(TripSummary!$B$2:$B$2501,TripSummary!$B$2:$B$2501<>"")),"") | B2: =IF(A2="","",SUMIF(TripSummary!$B$2:$B$2501,A2,TripSummary!$E$2:$E$2501)) | C2: =IF(A2="","",SUMIF(TripSummary!$B$2:$B$2501,A2,TripSummary!$F$2:$F$2501)) | D2: =IF(A2="","",SUMIF(TripSummary!$B$2:$B$2501,A2,TripSummary!$G$2:$G$2501)) | E2: =IF(A2="","",SUMIF(TripSummary!$B$2:$B$2501,A2,TripSummary!$K$2:$K$2501)) | F2: =IF(A2="","",COUNTIF(TripSummary!$B$2:$B$2501,A2)) | G2: =IF(A2="","",IFERROR(ROWS(UNIQUE(FILTER(TripSummary!$H$2:$H$2501,TripSummary!$B$2:$B$2501=A2))),0)) | H2: =IF(OR(A2="",E2=0),"" ,D2/E2) | I2: =IF(OR(A2="",B2=0),"",D2/B2) | J2: =IF(OR(A2="",B2=0),"",C2/B2) | K2: =IF(OR(A2="",G2=0),"",F2/G2) | L2: =IF(A2="","",IFERROR(C2/SUMIF(TripSummary!$B$2:$B$2501,A2,TripSummary!$I$2:$I$2501),0)) | M2: =IF(OR(A2="",G2=0),"",C2/G2) | N2: =IF(OR(A2="",F2=0),"",(MAXIFS(TripSummary!$L$2:$L$2501,TripSummary!$B$2:$B$2501,A2)-MINIFS(TripSummary!$L$2:$L$2501,TripSummary!$B$2:$B$2501,A2))*1440/F2)
B3: =IF(A3="","",SUMIF(TripSummary!$B$2:$B$2501,A3,TripSummary!$E$2:$E$2501)) | C3: =IF(A3="","",SUMIF(TripSummary!$B$2:$B$2501,A3,TripSummary!$F$2:$F$2501)) | D3: =IF(A3="","",SUMIF(TripSummary!$B$2:$B$2501,A3,TripSummary!$G$2:$G$2501)) | E3: =IF(A3="","",SUMIF(TripSummary!$B$2:$B$2501,A3,TripSummary!$K$2:$K$2501)) | F3: =IF(A3="","",COUNTIF(TripSummary!$B$2:$B$2501,A3)) | G3: =IF(A3="","",IFERROR(ROWS(UNIQUE(FILTER(TripSummary!$H$2:$H$2501,TripSummary!$B$2:$B$2501=A3))),0)) | H3: =IF(OR(A3="",E3=0),"" ,D3/E3) | I3: =IF(OR(A3="",B3=0),"",D3/B3) | J3: =IF(OR(A3="",B3=0),"",C3/B3) | K3: =IF(OR(A3="",G3=0),"",F3/G3) | L3: =IF(A3="","",IFERROR(C3/SUMIF(TripSummary!$B$2:$B$2501,A3,TripSummary!$I$2:$I$2501),0)) | M3: =IF(OR(A3="",G3=0),"",C3/G3) | N3: =IF(OR(A3="",F3=0),"",(MAXIFS(TripSummary!$L$2:$L$2501,TripSummary!$B$2:$B$2501,A3)-MINIFS(TripSummary!$L$2:$L$2501,TripSummary!$B$2:$B$2501,A3))*1440/F3)
B4: =IF(A4="","",SUMIF(TripSummary!$B$2:$B$2501,A4,TripSummary!$E$2:$E$2501)) | C4: =IF(A4="","",SUMIF(TripSummary!$B$2:$B$2501,A4,TripSummary!$F$2:$F$2501)) | D4: =IF(A4="","",SUMIF(TripSummary!$B$2:$B$2501,A4,TripSummary!$G$2:$G$2501)) | E4: =IF(A4="","",SUMIF(TripSummary!$B$2:$B$2501,A4,TripSummary!$K$2:$K$2501)) | F4: =IF(A4="","",COUNTIF(TripSummary!$B$2:$B$2501,A4)) | G4: =IF(A4="","",IFERROR(ROWS(UNIQUE(FILTER(TripSummary!$H$2:$H$2501,TripSummary!$B$2:$B$2501=A4))),0)) | H4: =IF(OR(A4="",E4=0),"" ,D4/E4) | I4: =IF(OR(A4="",B4=0),"",D4/B4) | J4: =IF(OR(A4="",B4=0),"",C4/B4) | K4: =IF(OR(A4="",G4=0),"",F4/G4) | L4: =IF(A4="","",IFERROR(C4/SUMIF(TripSummary!$B$2:$B$2501,A4,TripSummary!$I$2:$I$2501),0)) | M4: =IF(OR(A4="",G4=0),"",C4/G4) | N4: =IF(OR(A4="",F4=0),"",(MAXIFS(TripSummary!$L$2:$L$2501,TripSummary!$B$2:$B$2501,A4)-MINIFS(TripSummary!$L$2:$L$2501,TripSummary!$B$2:$B$2501,A4))*1440/F4)
B5: =IF(A5="","",SUMIF(TripSummary!$B$2:$B$2501,A5,TripSummary!$E$2:$E$2501)) | C5: =IF(A5="","",SUMIF(TripSummary!$B$2:$B$2501,A5,TripSummary!$F$2:$F$2501)) | D5: =IF(A5="","",SUMIF(TripSummary!$B$2:$B$2501,A5,TripSummary!$G$2:$G$2501)) | E5: =IF(A5="","",SUMIF(TripSummary!$B$2:$B$2501,A5,TripSummary!$K$2:$K$2501)) | F5: =IF(A5="","",COUNTIF(TripSummary!$B$2:$B$2501,A5)) | G5: =IF(A5="","",IFERROR(ROWS(UNIQUE(FILTER(TripSummary!$H$2:$H$2501,TripSummary!$B$2:$B$2501=A5))),0)) | H5: =IF(OR(A5="",E5=0),"" ,D5/E5) | I5: =IF(OR(A5="",B5=0),"",D5/B5) | J5: =IF(OR(A5="",B5=0),"",C5/B5) | K5: =IF(OR(A5="",G5=0),"",F5/G5) | L5: =IF(A5="","",IFERROR(C5/SUMIF(TripSummary!$B$2:$B$2501,A5,TripSummary!$I$2:$I$2501),0)) | M5: =IF(OR(A5="",G5=0),"",C5/G5) | N5: =IF(OR(A5="",F5=0),"",(MAXIFS(TripSummary!$L$2:$L$2501,TripSummary!$B$2:$B$2501,A5)-MINIFS(TripSummary!$L$2:$L$2501,TripSummary!$B$2:$B$2501,A5))*1440/F5)
B6: =IF(A6="","",SUMIF(TripSummary!$B$2:$B$2501,A6,TripSummary!$E$2:$E$2501)) | C6: =IF(A6="","",SUMIF(TripSummary!$B$2:$B$2501,A6,TripSummary!$F$2:$F$2501)) | D6: =IF(A6="","",SUMIF(TripSummary!$B$2:$B$2501,A6,TripSummary!$G$2:$G$2501)) | E6: =IF(A6="","",SUMIF(TripSummary!$B$2:$B$2501,A6,TripSummary!$K$2:$K$2501)) | F6: =IF(A6="","",COUNTIF(TripSummary!$B$2:$B$2501,A6)) | G6: =IF(A6="","",IFERROR(ROWS(UNIQUE(FILTER(TripSummary!$H$2:$H$2501,TripSummary!$B$2:$B$2501=A6))),0)) | H6: =IF(OR(A6="",E6=0),"" ,D6/E6) | I6: =IF(OR(A6="",B6=0),"",D6/B6) | J6: =IF(OR(A6="",B6=0),"",C6/B6) | K6: =IF(OR(A6="",G6=0),"",F6/G6) | L6: =IF(A6="","",IFERROR(C6/SUMIF(TripSummary!$B$2:$B$2501,A6,TripSummary!$I$2:$I$2501),0)) | M6: =IF(OR(A6="",G6=0),"",C6/G6) | N6: =IF(OR(A6="",F6=0),"",(MAXIFS(TripSummary!$L$2:$L$2501,TripSummary!$B$2:$B$2501,A6)-MINIFS(TripSummary!$L$2:$L$2501,TripSummary!$B$2:$B$2501,A6))*1440/F6)
B7: =IF(A7="","",SUMIF(TripSummary!$B$2:$B$2501,A7,TripSummary!$E$2:$E$2501)) | C7: =IF(A7="","",SUMIF(TripSummary!$B$2:$B$2501,A7,TripSummary!$F$2:$F$2501)) | D7: =IF(A7="","",SUMIF(TripSummary!$B$2:$B$2501,A7,TripSummary!$G$2:$G$2501)) | E7: =IF(A7="","",SUMIF(TripSummary!$B$2:$B$2501,A7,TripSummary!$K$2:$K$2501)) | F7: =IF(A7="","",COUNTIF(TripSummary!$B$2:$B$2501,A7)) | G7: =IF(A7="","",IFERROR(ROWS(UNIQUE(FILTER(TripSummary!$H$2:$H$2501,TripSummary!$B$2:$B$2501=A7))),0)) | H7: =IF(OR(A7="",E7=0),"" ,D7/E7) | I7: =IF(OR(A7="",B7=0),"",D7/B7) | J7: =IF(OR(A7="",B7=0),"",C7/B7) | K7: =IF(OR(A7="",G7=0),"",F7/G7) | L7: =IF(A7="","",IFERROR(C7/SUMIF(TripSummary!$B$2:$B$2501,A7,TripSummary!$I$2:$I$2501),0)) | M7: =IF(OR(A7="",G7=0),"",C7/G7) | N7: =IF(OR(A7="",F7=0),"",(MAXIFS(TripSummary!$L$2:$L$2501,TripSummary!$B$2:$B$2501,A7)-MINIFS(TripSummary!$L$2:$L$2501,TripSummary!$B$2:$B$2501,A7))*1440/F7)
B8: =IF(A8="","",SUMIF(TripSummary!$B$2:$B$2501,A8,TripSummary!$E$2:$E$2501)) | C8: =IF(A8="","",SUMIF(TripSummary!$B$2:$B$2501,A8,TripSummary!$F$2:$F$2501)) | D8: =IF(A8="","",SUMIF(TripSummary!$B$2:$B$2501,A8,TripSummary!$G$2:$G$2501)) | E8: =IF(A8="","",SUMIF(TripSummary!$B$2:$B$2501,A8,TripSummary!$K$2:$K$2501)) | F8: =IF(A8="","",COUNTIF(TripSummary!$B$2:$B$2501,A8)) | G8: =IF(A8="","",IFERROR(ROWS(UNIQUE(FILTER(TripSummary!$H$2:$H$2501,TripSummary!$B$2:$B$2501=A8))),0)) | H8: =IF(OR(A8="",E8=0),"" ,D8/E8) | I8: =IF(OR(A8="",B8=0),"",D8/B8) | J8: =IF(OR(A8="",B8=0),"",C8/B8) | K8: =IF(OR(A8="",G8=0),"",F8/G8) | L8: =IF(A8="","",IFERROR(C8/SUMIF(TripSummary!$B$2:$B$2501,A8,TripSummary!$I$2:$I$2501),0)) | M8: =IF(OR(A8="",G8=0),"",C8/G8) | N8: =IF(OR(A8="",F8=0),"",(MAXIFS(TripSummary!$L$2:$L$2501,TripSummary!$B$2:$B$2501,A8)-MINIFS(TripSummary!$L$2:$L$2501,TripSummary!$B$2:$B$2501,A8))*1440/F8)
B9: =IF(A9="","",SUMIF(TripSummary!$B$2:$B$2501,A9,TripSummary!$E$2:$E$2501)) | C9: =IF(A9="","",SUMIF(TripSummary!$B$2:$B$2501,A9,TripSummary!$F$2:$F$2501)) | D9: =IF(A9="","",SUMIF(TripSummary!$B$2:$B$2501,A9,TripSummary!$G$2:$G$2501)) | E9: =IF(A9="","",SUMIF(TripSummary!$B$2:$B$2501,A9,TripSummary!$K$2:$K$2501)) | F9: =IF(A9="","",COUNTIF(TripSummary!$B$2:$B$2501,A9)) | G9: =IF(A9="","",IFERROR(ROWS(UNIQUE(FILTER(TripSummary!$H$2:$H$2501,TripSummary!$B$2:$B$2501=A9))),0)) | H9: =IF(OR(A9="",E9=0),"" ,D9/E9) | I9: =IF(OR(A9="",B9=0),"",D9/B9) | J9: =IF(OR(A9="",B9=0),"",C9/B9) | K9: =IF(OR(A9="",G9=0),"",F9/G9) | L9: =IF(A9="","",IFERROR(C9/SUMIF(TripSummary!$B$2:$B$2501,A9,TripSummary!$I$2:$I$2501),0)) | M9: =IF(OR(A9="",G9=0),"",C9/G9) | N9: =IF(OR(A9="",F9=0),"",(MAXIFS(TripSummary!$L$2:$L$2501,TripSummary!$B$2:$B$2501,A9)-MINIFS(TripSummary!$L$2:$L$2501,TripSummary!$B$2:$B$2501,A9))*1440/F9)
B10: =IF(A10="","",SUMIF(TripSummary!$B$2:$B$2501,A10,TripSummary!$E$2:$E$2501)) | C10: =IF(A10="","",SUMIF(TripSummary!$B$2:$B$2501,A10,TripSummary!$F$2:$F$2501)) | D10: =IF(A10="","",SUMIF(TripSummary!$B$2:$B$2501,A10,TripSummary!$G$2:$G$2501)) | E10: =IF(A10="","",SUMIF(TripSummary!$B$2:$B$2501,A10,TripSummary!$K$2:$K$2501)) | F10: =IF(A10="","",COUNTIF(TripSummary!$B$2:$B$2501,A10)) | G10: =IF(A10="","",IFERROR(ROWS(UNIQUE(FILTER(TripSummary!$H$2:$H$2501,TripSummary!$B$2:$B$2501=A10))),0)) | H10: =IF(OR(A10="",E10=0),"" ,D10/E10) | I10: =IF(OR(A10="",B10=0),"",D10/B10) | J10: =IF(OR(A10="",B10=0),"",C10/B10) | K10: =IF(OR(A10="",G10=0),"",F10/G10) | L10: =IF(A10="","",IFERROR(C10/SUMIF(TripSummary!$B$2:$B$2501,A10,TripSummary!$I$2:$I$2501),0)) | M10: =IF(OR(A10="",G10=0),"",C10/G10) | N10: =IF(OR(A10="",F10=0),"",(MAXIFS(TripSummary!$L$2:$L$2501,TripSummary!$B$2:$B$2501,A10)-MINIFS(TripSummary!$L$2:$L$2501,TripSummary!$B$2:$B$2501,A10))*1440/F10)
B11: =IF(A11="","",SUMIF(TripSummary!$B$2:$B$2501,A11,TripSummary!$E$2:$E$2501)) | C11: =IF(A11="","",SUMIF(TripSummary!$B$2:$B$2501,A11,TripSummary!$F$2:$F$2501)) | D11: =IF(A11="","",SUMIF(TripSummary!$B$2:$B$2501,A11,TripSummary!$G$2:$G$2501)) | E11: =IF(A11="","",SUMIF(TripSummary!$B$2:$B$2501,A11,TripSummary!$K$2:$K$2501)) | F11: =IF(A11="","",COUNTIF(TripSummary!$B$2:$B$2501,A11)) | G11: =IF(A11="","",IFERROR(ROWS(UNIQUE(FILTER(TripSummary!$H$2:$H$2501,TripSummary!$B$2:$B$2501=A11))),0)) | H11: =IF(OR(A11="",E11=0),"" ,D11/E11) | I11: =IF(OR(A11="",B11=0),"",D11/B11) | J11: =IF(OR(A11="",B11=0),"",C11/B11) | K11: =IF(OR(A11="",G11=0),"",F11/G11) | L11: =IF(A11="","",IFERROR(C11/SUMIF(TripSummary!$B$2:$B$2501,A11,TripSummary!$I$2:$I$2501),0)) | M11: =IF(OR(A11="",G11=0),"",C11/G11) | N11: =IF(OR(A11="",F11=0),"",(MAXIFS(TripSummary!$L$2:$L$2501,TripSummary!$B$2:$B$2501,A11)-MINIFS(TripSummary!$L$2:$L$2501,TripSummary!$B$2:$B$2501,A11))*1440/F11)
B12: =IF(A12="","",SUMIF(TripSummary!$B$2:$B$2501,A12,TripSummary!$E$2:$E$2501)) | C12: =IF(A12="","",SUMIF(TripSummary!$B$2:$B$2501,A12,TripSummary!$F$2:$F$2501)) | D12: =IF(A12="","",SUMIF(TripSummary!$B$2:$B$2501,A12,TripSummary!$G$2:$G$2501)) | E12: =IF(A12="","",SUMIF(TripSummary!$B$2:$B$2501,A12,TripSummary!$K$2:$K$2501)) | F12: =IF(A12="","",COUNTIF(TripSummary!$B$2:$B$2501,A12)) | G12: =IF(A12="","",IFERROR(ROWS(UNIQUE(FILTER(TripSummary!$H$2:$H$2501,TripSummary!$B$2:$B$2501=A12))),0)) | H12: =IF(OR(A12="",E12=0),"" ,D12/E12) | I12: =IF(OR(A12="",B12=0),"",D12/B12) | J12: =IF(OR(A12="",B12=0),"",C12/B12) | K12: =IF(OR(A12="",G12=0),"",F12/G12) | L12: =IF(A12="","",IFERROR(C12/SUMIF(TripSummary!$B$2:$B$2501,A12,TripSummary!$I$2:$I$2501),0)) | M12: =IF(OR(A12="",G12=0),"",C12/G12) | N12: =IF(OR(A12="",F12=0),"",(MAXIFS(TripSummary!$L$2:$L$2501,TripSummary!$B$2:$B$2501,A12)-MINIFS(TripSummary!$L$2:$L$2501,TripSummary!$B$2:$B$2501,A12))*1440/F12)
B13: =IF(A13="","",SUMIF(TripSummary!$B$2:$B$2501,A13,TripSummary!$E$2:$E$2501)) | C13: =IF(A13="","",SUMIF(TripSummary!$B$2:$B$2501,A13,TripSummary!$F$2:$F$2501)) | D13: =IF(A13="","",SUMIF(TripSummary!$B$2:$B$2501,A13,TripSummary!$G$2:$G$2501)) | E13: =IF(A13="","",SUMIF(TripSummary!$B$2:$B$2501,A13,TripSummary!$K$2:$K$2501)) | F13: =IF(A13="","",COUNTIF(TripSummary!$B$2:$B$2501,A13)) | G13: =IF(A13="","",IFERROR(ROWS(UNIQUE(FILTER(TripSummary!$H$2:$H$2501,TripSummary!$B$2:$B$2501=A13))),0)) | H13: =IF(OR(A13="",E13=0),"" ,D13/E13) | I13: =IF(OR(A13="",B13=0),"",D13/B13) | J13: =IF(OR(A13="",B13=0),"",C13/B13) | K13: =IF(OR(A13="",G13=0),"",F13/G13) | L13: =IF(A13="","",IFERROR(C13/SUMIF(TripSummary!$B$2:$B$2501,A13,TripSummary!$I$2:$I$2501),0)) | M13: =IF(OR(A13="",G13=0),"",C13/G13) | N13: =IF(OR(A13="",F13=0),"",(MAXIFS(TripSummary!$L$2:$L$2501,TripSummary!$B$2:$B$2501,A13)-MINIFS(TripSummary!$L$2:$L$2501,TripSummary!$B$2:$B$2501,A13))*1440/F13)
B14: =IF(A14="","",SUMIF(TripSummary!$B$2:$B$2501,A14,TripSummary!$E$2:$E$2501)) | C14: =IF(A14="","",SUMIF(TripSummary!$B$2:$B$2501,A14,TripSummary!$F$2:$F$2501)) | D14: =IF(A14="","",SUMIF(TripSummary!$B$2:$B$2501,A14,TripSummary!$G$2:$G$2501)) | E14: =IF(A14="","",SUMIF(TripSummary!$B$2:$B$2501,A14,TripSummary!$K$2:$K$2501)) | F14: =IF(A14="","",COUNTIF(TripSummary!$B$2:$B$2501,A14)) | G14: =IF(A14="","",IFERROR(ROWS(UNIQUE(FILTER(TripSummary!$H$2:$H$2501,TripSummary!$B$2:$B$2501=A14))),0)) | H14: =IF(OR(A14="",E14=0),"" ,D14/E14) | I14: =IF(OR(A14="",B14=0),"",D14/B14) | J14: =IF(OR(A14="",B14=0),"",C14/B14) | K14: =IF(OR(A14="",G14=0),"",F14/G14) | L14: =IF(A14="","",IFERROR(C14/SUMIF(TripSummary!$B$2:$B$2501,A14,TripSummary!$I$2:$I$2501),0)) | M14: =IF(OR(A14="",G14=0),"",C14/G14) | N14: =IF(OR(A14="",F14=0),"",(MAXIFS(TripSummary!$L$2:$L$2501,TripSummary!$B$2:$B$2501,A14)-MINIFS(TripSummary!$L$2:$L$2501,TripSummary!$B$2:$B$2501,A14))*1440/F14)
... B101: =IF(A101="","",SUMIF(TripSummary!$B$2:$B$2501,A101,TripSummary!$E$2:$E$2501)) | C101: =IF(A101="","",SUMIF(TripSummary!$B$2:$B$2501,A101,TripSummary!$F$2:$F$2501)) | D101: =IF(A101="","",SUMIF(TripSummary!$B$2:$B$2501,A101,TripSummary!$G$2:$G$2501)) | E101: =IF(A101="","",SUMIF(TripSummary!$B$2:$B$2501,A101,TripSummary!$K$2:$K$2501)) | F101: =IF(A101="","",COUNTIF(TripSummary!$B$2:$B$2501,A101)) | G101: =IF(A101="","",IFERROR(ROWS(UNIQUE(FILTER(TripSummary!$H$2:$H$2501,TripSummary!$B$2:$B$2501=A101))),0)) | H101: =IF(OR(A101="",E101=0),"" ,D101/E101) | I101: =IF(OR(A101="",B101=0),"",D101/B101) | J101: =IF(OR(A101="",B101=0),"",C101/B101) | K101: =IF(OR(A101="",G101=0),"",F101/G101) | L101: =IF(A101="","",IFERROR(C101/SUMIF(TripSummary!$B$2:$B$2501,A101,TripSummary!$I$2:$I$2501),0)) | M101: =IF(OR(A101="",G101=0),"",C101/G101) | N101: =IF(OR(A101="",F101=0),"",(MAXIFS(TripSummary!$L$2:$L$2501,TripSummary!$B$2:$B$2501,A101)-MINIFS(TripSummary!$L$2:$L$2501,TripSummary!$B$2:$B$2501,A101))*1440/F101)

Sheet RouteDay
A1: Route | B1: Ridership | C1: Revenue | D1: Trips | E1: PaxKm | F1: CapacityKm | G1: LF | H1: SharePax | I1: ShareRev | J1: FareYield
A2: =IFERROR(UNIQUE(FILTER(TripSummary!$C$2:$C$2501,TripSummary!$C$2:$C$2501<>"")),"") | B2: =IF(A2="","",SUMIF(TripSummary!$C$2:$C$2501,A2,TripSummary!$E$2:$E$2501)) | C2: =IF(A2="","",SUMIF(TripSummary!$C$2:$C$2501,A2,TripSummary!$F$2:$F$2501)) | D2: =IF(A2="","",COUNTIF(TripSummary!$C$2:$C$2501,A2)) | E2: =IF(A2="","",SUMIF(TripSummary!$C$2:$C$2501,A2,TripSummary!$G$2:$G$2501)) | F2: =IF(A2="","",SUMIF(TripSummary!$C$2:$C$2501,A2,TripSummary!$K$2:$K$2501)) | G2: =IF(OR(A2="",F2=0),"",E2/F2) | H2: =IF(OR(A2="",KPI!$B$5=0),"",B2/KPI!$B$5) | I2: =IF(OR(A2="",KPI!$B$8=0),"",C2/KPI!$B$8) | J2: =IF(OR(A2="",B2=0),"",C2/B2)
B3: =IF(A3="","",SUMIF(TripSummary!$C$2:$C$2501,A3,TripSummary!$E$2:$E$2501)) | C3: =IF(A3="","",SUMIF(TripSummary!$C$2:$C$2501,A3,TripSummary!$F$2:$F$2501)) | D3: =IF(A3="","",COUNTIF(TripSummary!$C$2:$C$2501,A3)) | E3: =IF(A3="","",SUMIF(TripSummary!$C$2:$C$2501,A3,TripSummary!$G$2:$G$2501)) | F3: =IF(A3="","",SUMIF(TripSummary!$C$2:$C$2501,A3,TripSummary!$K$2:$K$2501)) | G3: =IF(OR(A3="",F3=0),"",E3/F3) | H3: =IF(OR(A3="",KPI!$B$5=0),"",B3/KPI!$B$5) | I3: =IF(OR(A3="",KPI!$B$8=0),"",C3/KPI!$B$8) | J3: =IF(OR(A3="",B3=0),"",C3/B3)
B4: =IF(A4="","",SUMIF(TripSummary!$C$2:$C$2501,A4,TripSummary!$E$2:$E$2501)) | C4: =IF(A4="","",SUMIF(TripSummary!$C$2:$C$2501,A4,TripSummary!$F$2:$F$2501)) | D4: =IF(A4="","",COUNTIF(TripSummary!$C$2:$C$2501,A4)) | E4: =IF(A4="","",SUMIF(TripSummary!$C$2:$C$2501,A4,TripSummary!$G$2:$G$2501)) | F4: =IF(A4="","",SUMIF(TripSummary!$C$2:$C$2501,A4,TripSummary!$K$2:$K$2501)) | G4: =IF(OR(A4="",F4=0),"",E4/F4) | H4: =IF(OR(A4="",KPI!$B$5=0),"",B4/KPI!$B$5) | I4: =IF(OR(A4="",KPI!$B$8=0),"",C4/KPI!$B$8) | J4: =IF(OR(A4="",B4=0),"",C4/B4)
B5: =IF(A5="","",SUMIF(TripSummary!$C$2:$C$2501,A5,TripSummary!$E$2:$E$2501)) | C5: =IF(A5="","",SUMIF(TripSummary!$C$2:$C$2501,A5,TripSummary!$F$2:$F$2501)) | D5: =IF(A5="","",COUNTIF(TripSummary!$C$2:$C$2501,A5)) | E5: =IF(A5="","",SUMIF(TripSummary!$C$2:$C$2501,A5,TripSummary!$G$2:$G$2501)) | F5: =IF(A5="","",SUMIF(TripSummary!$C$2:$C$2501,A5,TripSummary!$K$2:$K$2501)) | G5: =IF(OR(A5="",F5=0),"",E5/F5) | H5: =IF(OR(A5="",KPI!$B$5=0),"",B5/KPI!$B$5) | I5: =IF(OR(A5="",KPI!$B$8=0),"",C5/KPI!$B$8) | J5: =IF(OR(A5="",B5=0),"",C5/B5)
B6: =IF(A6="","",SUMIF(TripSummary!$C$2:$C$2501,A6,TripSummary!$E$2:$E$2501)) | C6: =IF(A6="","",SUMIF(TripSummary!$C$2:$C$2501,A6,TripSummary!$F$2:$F$2501)) | D6: =IF(A6="","",COUNTIF(TripSummary!$C$2:$C$2501,A6)) | E6: =IF(A6="","",SUMIF(TripSummary!$C$2:$C$2501,A6,TripSummary!$G$2:$G$2501)) | F6: =IF(A6="","",SUMIF(TripSummary!$C$2:$C$2501,A6,TripSummary!$K$2:$K$2501)) | G6: =IF(OR(A6="",F6=0),"",E6/F6) | H6: =IF(OR(A6="",KPI!$B$5=0),"",B6/KPI!$B$5) | I6: =IF(OR(A6="",KPI!$B$8=0),"",C6/KPI!$B$8) | J6: =IF(OR(A6="",B6=0),"",C6/B6)
B7: =IF(A7="","",SUMIF(TripSummary!$C$2:$C$2501,A7,TripSummary!$E$2:$E$2501)) | C7: =IF(A7="","",SUMIF(TripSummary!$C$2:$C$2501,A7,TripSummary!$F$2:$F$2501)) | D7: =IF(A7="","",COUNTIF(TripSummary!$C$2:$C$2501,A7)) | E7: =IF(A7="","",SUMIF(TripSummary!$C$2:$C$2501,A7,TripSummary!$G$2:$G$2501)) | F7: =IF(A7="","",SUMIF(TripSummary!$C$2:$C$2501,A7,TripSummary!$K$2:$K$2501)) | G7: =IF(OR(A7="",F7=0),"",E7/F7) | H7: =IF(OR(A7="",KPI!$B$5=0),"",B7/KPI!$B$5) | I7: =IF(OR(A7="",KPI!$B$8=0),"",C7/KPI!$B$8) | J7: =IF(OR(A7="",B7=0),"",C7/B7)
B8: =IF(A8="","",SUMIF(TripSummary!$C$2:$C$2501,A8,TripSummary!$E$2:$E$2501)) | C8: =IF(A8="","",SUMIF(TripSummary!$C$2:$C$2501,A8,TripSummary!$F$2:$F$2501)) | D8: =IF(A8="","",COUNTIF(TripSummary!$C$2:$C$2501,A8)) | E8: =IF(A8="","",SUMIF(TripSummary!$C$2:$C$2501,A8,TripSummary!$G$2:$G$2501)) | F8: =IF(A8="","",SUMIF(TripSummary!$C$2:$C$2501,A8,TripSummary!$K$2:$K$2501)) | G8: =IF(OR(A8="",F8=0),"",E8/F8) | H8: =IF(OR(A8="",KPI!$B$5=0),"",B8/KPI!$B$5) | I8: =IF(OR(A8="",KPI!$B$8=0),"",C8/KPI!$B$8) | J8: =IF(OR(A8="",B8=0),"",C8/B8)
B9: =IF(A9="","",SUMIF(TripSummary!$C$2:$C$2501,A9,TripSummary!$E$2:$E$2501)) | C9: =IF(A9="","",SUMIF(TripSummary!$C$2:$C$2501,A9,TripSummary!$F$2:$F$2501)) | D9: =IF(A9="","",COUNTIF(TripSummary!$C$2:$C$2501,A9)) | E9: =IF(A9="","",SUMIF(TripSummary!$C$2:$C$2501,A9,TripSummary!$G$2:$G$2501)) | F9: =IF(A9="","",SUMIF(TripSummary!$C$2:$C$2501,A9,TripSummary!$K$2:$K$2501)) | G9: =IF(OR(A9="",F9=0),"",E9/F9) | H9: =IF(OR(A9="",KPI!$B$5=0),"",B9/KPI!$B$5) | I9: =IF(OR(A9="",KPI!$B$8=0),"",C9/KPI!$B$8) | J9: =IF(OR(A9="",B9=0),"",C9/B9)
B10: =IF(A10="","",SUMIF(TripSummary!$C$2:$C$2501,A10,TripSummary!$E$2:$E$2501)) | C10: =IF(A10="","",SUMIF(TripSummary!$C$2:$C$2501,A10,TripSummary!$F$2:$F$2501)) | D10: =IF(A10="","",COUNTIF(TripSummary!$C$2:$C$2501,A10)) | E10: =IF(A10="","",SUMIF(TripSummary!$C$2:$C$2501,A10,TripSummary!$G$2:$G$2501)) | F10: =IF(A10="","",SUMIF(TripSummary!$C$2:$C$2501,A10,TripSummary!$K$2:$K$2501)) | G10: =IF(OR(A10="",F10=0),"",E10/F10) | H10: =IF(OR(A10="",KPI!$B$5=0),"",B10/KPI!$B$5) | I10: =IF(OR(A10="",KPI!$B$8=0),"",C10/KPI!$B$8) | J10: =IF(OR(A10="",B10=0),"",C10/B10)
B11: =IF(A11="","",SUMIF(TripSummary!$C$2:$C$2501,A11,TripSummary!$E$2:$E$2501)) | C11: =IF(A11="","",SUMIF(TripSummary!$C$2:$C$2501,A11,TripSummary!$F$2:$F$2501)) | D11: =IF(A11="","",COUNTIF(TripSummary!$C$2:$C$2501,A11)) | E11: =IF(A11="","",SUMIF(TripSummary!$C$2:$C$2501,A11,TripSummary!$G$2:$G$2501)) | F11: =IF(A11="","",SUMIF(TripSummary!$C$2:$C$2501,A11,TripSummary!$K$2:$K$2501)) | G11: =IF(OR(A11="",F11=0),"",E11/F11) | H11: =IF(OR(A11="",KPI!$B$5=0),"",B11/KPI!$B$5) | I11: =IF(OR(A11="",KPI!$B$8=0),"",C11/KPI!$B$8) | J11: =IF(OR(A11="",B11=0),"",C11/B11)
B12: =IF(A12="","",SUMIF(TripSummary!$C$2:$C$2501,A12,TripSummary!$E$2:$E$2501)) | C12: =IF(A12="","",SUMIF(TripSummary!$C$2:$C$2501,A12,TripSummary!$F$2:$F$2501)) | D12: =IF(A12="","",COUNTIF(TripSummary!$C$2:$C$2501,A12)) | E12: =IF(A12="","",SUMIF(TripSummary!$C$2:$C$2501,A12,TripSummary!$G$2:$G$2501)) | F12: =IF(A12="","",SUMIF(TripSummary!$C$2:$C$2501,A12,TripSummary!$K$2:$K$2501)) | G12: =IF(OR(A12="",F12=0),"",E12/F12) | H12: =IF(OR(A12="",KPI!$B$5=0),"",B12/KPI!$B$5) | I12: =IF(OR(A12="",KPI!$B$8=0),"",C12/KPI!$B$8) | J12: =IF(OR(A12="",B12=0),"",C12/B12)
B13: =IF(A13="","",SUMIF(TripSummary!$C$2:$C$2501,A13,TripSummary!$E$2:$E$2501)) | C13: =IF(A13="","",SUMIF(TripSummary!$C$2:$C$2501,A13,TripSummary!$F$2:$F$2501)) | D13: =IF(A13="","",COUNTIF(TripSummary!$C$2:$C$2501,A13)) | E13: =IF(A13="","",SUMIF(TripSummary!$C$2:$C$2501,A13,TripSummary!$G$2:$G$2501)) | F13: =IF(A13="","",SUMIF(TripSummary!$C$2:$C$2501,A13,TripSummary!$K$2:$K$2501)) | G13: =IF(OR(A13="",F13=0),"",E13/F13) | H13: =IF(OR(A13="",KPI!$B$5=0),"",B13/KPI!$B$5) | I13: =IF(OR(A13="",KPI!$B$8=0),"",C13/KPI!$B$8) | J13: =IF(OR(A13="",B13=0),"",C13/B13)
B14: =IF(A14="","",SUMIF(TripSummary!$C$2:$C$2501,A14,TripSummary!$E$2:$E$2501)) | C14: =IF(A14="","",SUMIF(TripSummary!$C$2:$C$2501,A14,TripSummary!$F$2:$F$2501)) | D14: =IF(A14="","",COUNTIF(TripSummary!$C$2:$C$2501,A14)) | E14: =IF(A14="","",SUMIF(TripSummary!$C$2:$C$2501,A14,TripSummary!$G$2:$G$2501)) | F14: =IF(A14="","",SUMIF(TripSummary!$C$2:$C$2501,A14,TripSummary!$K$2:$K$2501)) | G14: =IF(OR(A14="",F14=0),"",E14/F14) | H14: =IF(OR(A14="",KPI!$B$5=0),"",B14/KPI!$B$5) | I14: =IF(OR(A14="",KPI!$B$8=0),"",C14/KPI!$B$8) | J14: =IF(OR(A14="",B14=0),"",C14/B14)
... B151: =IF(A151="","",SUMIF(TripSummary!$C$2:$C$2501,A151,TripSummary!$E$2:$E$2501)) | C151: =IF(A151="","",SUMIF(TripSummary!$C$2:$C$2501,A151,TripSummary!$F$2:$F$2501)) | D151: =IF(A151="","",COUNTIF(TripSummary!$C$2:$C$2501,A151)) | E151: =IF(A151="","",SUMIF(TripSummary!$C$2:$C$2501,A151,TripSummary!$G$2:$G$2501)) | F151: =IF(A151="","",SUMIF(TripSummary!$C$2:$C$2501,A151,TripSummary!$K$2:$K$2501)) | G151: =IF(OR(A151="",F151=0),"",E151/F151) | H151: =IF(OR(A151="",KPI!$B$5=0),"",B151/KPI!$B$5) | I151: =IF(OR(A151="",KPI!$B$8=0),"",C151/KPI!$B$8) | J151: =IF(OR(A151="",B151=0),"",C151/B151)

Sheet KPI
A1: Overview KPIs (selected period)
A2: =CONCAT("Period: ",TEXT(StartDate,"yyyy-mm-dd")," → ",TEXT(EndDate,"yyyy-mm-dd"),IF(RouteFilter="",""," | Route "&RouteFilter))
A4: Primary cards | D4: Matches Overview StatCards + Ops snapshot
A5: Ridership | B5: =SUMIF(Daily!$A$2:$A$101,"<>",Daily!$B$2:$B$101) | D5: LF uses summed pax-km / capacity-km
A6: Service days | B6: =COUNTIF(Daily!$A$2:$A$101,"<>")
A7: Passengers / day | B7: =IF(B6=0,0,B5/B6)
A8: Revenue | B8: =SUMIF(Daily!$A$2:$A$101,"<>",Daily!$C$2:$C$101)
A9: Revenue / day | B9: =IF(B6=0,0,B8/B6)
A10: Fare yield (₹/pax) | B10: =IF(B5=0,0,B8/B5)
A11: Load factor (LF) | B11: =IFERROR(SUMIF(Daily!$A$2:$A$101,"<>",Daily!$D$2:$D$101)/SUMIF(Daily!$A$2:$A$101,"<>",Daily!$E$2:$E$101),0)
A12: Service trips | B12: =SUMIF(Daily!$A$2:$A$101,"<>",Daily!$F$2:$F$101)
A13: Buses / day | B13: =IFERROR(AVERAGEIF(Daily!$A$2:$A$101,"<>",Daily!$G$2:$G$101),0)
A14: Trips per bus | B14: =IFERROR(B12/SUMIF(Daily!$A$2:$A$101,"<>",Daily!$G$2:$G$101),0) | D14: Denominator = sum of daily buses (bus-days)
A16: Operating snapshot
A17: ATL (km) | B17: =IFERROR(SUMIF(Daily!$A$2:$A$101,"<>",Daily!$D$2:$D$101)/B5,0)
A18: EPKM (avg of daily) | B18: =IFERROR(AVERAGEIF(Daily!$A$2:$A$101,"<>",Daily!$L$2:$L$101),0) | D18: Dashboard uses mean of daily EPKM/EPB from kpi_daily
A19: EPB (avg of daily) | B19: =IFERROR(AVERAGEIF(Daily!$A$2:$A$101,"<>",Daily!$M$2:$M$101),0)
A20: Avg headway (min) | B20: =IFERROR(AVERAGEIF(Daily!$A$2:$A$101,"<>",Daily!$N$2:$N$101),0)
A22: Gender (ticketed)
A23: Male ridership | B23: =SUMIFS(Tickets[TP],Tickets[Gender],"M",Tickets[Date],">="&StartDate,Tickets[Date],"<="&EndDate)
A24: Female ridership | B24: =SUMIFS(Tickets[TP],Tickets[Gender],"F",Tickets[Date],">="&StartDate,Tickets[Date],"<="&EndDate)
A26: Sanity checks
A27: Tickets in period | B27: =COUNTIFS(Tickets[Date],">="&StartDate,Tickets[Date],"<="&EndDate)
A28: Trips with capacity=0 | B28: =COUNTIFS(TripSummary!$J$2:$J$2501,0,TripSummary!$A$2:$A$2501,"<>") | D28: If >0, fix Veh / Routes lookups
A29: Trips with route len=0 | B29: =COUNTIFS(TripSummary!$I$2:$I$2501,0,TripSummary!$A$2:$A$2501,"<>")
